Abilify IM;Abilify Oral
amitriptyline IM;amitriptyline Oral
Ativan Inj;Ativan Oral
Benadryl Inj;Benadryl Oral
Bentyl IM;Bentyl Oral
Compazine Inj;Compazine Oral
cortisone IM;cortisone Oral
Decadron Inj;Decadron IV;Decadron Oral
Dilantin IV;Dilantin Oral
Estrace Oral;Estrace Vagl
fentanyl citrate (PF) Inj;fentanyl citrate (PF) IV
Geodon IM;Geodon Oral
Haldol Inj;Haldol Oral
Imitrex Nasl;Imitrex Oral;Imitrex SubQ
Keppra IV;Keppra Oral
levothyroxine IV;levothyroxine Oral
methocarbamol Inj;methocarbamol Oral
methotrexate sodium Inj;methotrexate sodium Oral
metoprolol tartrate IV;metoprolol tartrate Oral
minoxidil Oral;minoxidil Top
morphine IM;morphine Inj;morphine IV
Phenergan Inj;Phenergan Oral
Premarin Oral;Premarin Vagl
Reglan Inj;Reglan Oral
Rocephin Inj;Rocephin IV
Solu-Medrol Inj;Solu-Medrol IV
Toradol IM;Toradol Inj;Toradol IV;Toradol Oral
vancomycin IV;vancomycin Oral
Versed Inj;Versed Oral
Vistaril IM;Vistaril Oral
Zofran IV;Zofran Oral